PRAGMA foreign_keys=OFF;
BEGIN TRANSACTION;
CREATE TABLE IF NOT EXISTS "users" ("id" integer PRIMARY KEY AUTOINCREMENT NOT NULL, "email" varchar DEFAULT '' NOT NULL, "encrypted_password" varchar DEFAULT '' NOT NULL, "reset_password_token" varchar, "reset_password_sent_at" datetime(6), "remember_created_at" datetime(6), "created_at" datetime(6) NOT NULL, "updated_at" datetime(6) NOT NULL, "approved" boolean DEFAULT 0 /*application='AppleLogistics'*/, "admin" boolean DEFAULT 0 /*application='AppleLogistics'*/);
INSERT INTO users VALUES(1,'admin@example.com','$2a$12$O.3rJpNTWqgYCu4vNyu3muXeRJvCXAoDaUswVRIq3zQMsEFUvJwp.',NULL,NULL,NULL,'2025-07-08 16:05:28.377710','2025-07-11 15:46:34.343983',0,1);
INSERT INTO users VALUES(2,'user1@example.com','$2a$12$HXr4tmCHzBSvPcOdJFSiK.IKmUG5ejrTNnKGaWfT3DMNI9TqrQ9Pi',NULL,NULL,NULL,'2025-07-08 16:05:40.402685','2025-07-08 16:05:40.402685',0,0);
INSERT INTO users VALUES(3,'user2@example.com','$2a$12$dA7.Q89xHTok/QlU/Q1DVOzosoQpZKG/7sxA60N/LO4zkBHr1xpmq',NULL,NULL,NULL,'2025-07-08 16:05:40.737135','2025-07-08 16:05:40.737135',1,0);
INSERT INTO users VALUES(4,'imfox_sms@naver.com','$2a$12$rPICTxiPFH5pTdPDU6kbZu0b73Zzfe5UMwEjH2x13eIQW2f3zT8ga',NULL,NULL,NULL,'2025-07-08 16:13:33.864878','2025-07-08 16:19:58.941724',1,1);
INSERT INTO users VALUES(5,'sms03040517@gmail.com','$2a$12$ppgoMC4hqVKyrrs2kdplFuVwiLWeixAYr0MFNORP83dj9wQ3JzzMO',NULL,NULL,NULL,'2025-07-08 16:55:56.147810','2025-07-08 17:01:05.846601',1,0);
INSERT INTO users VALUES(6,'test@example.com','$2a$12$9ift2XbKV3swRJNkRwVySOr.lg6qAtO18u8aD/6YRuhHP.Ml0lWHu',NULL,NULL,NULL,'2025-07-10 17:18:35.777546','2025-07-10 17:18:35.777546',0,0);
COMMIT;
PRAGMA foreign_keys=OFF;
BEGIN TRANSACTION;
CREATE TABLE IF NOT EXISTS "markets" ("id" integer PRIMARY KEY AUTOINCREMENT NOT NULL, "name" varchar, "location" varchar, "district" varchar, "created_at" datetime(6) NOT NULL, "updated_at" datetime(6) NOT NULL);
INSERT INTO markets VALUES(1,'엄궁농협공판장','엄궁농협공판장','엄궁동','2025-07-02 15:28:12.780346','2025-07-02 15:28:12.780346');
INSERT INTO markets VALUES(2,'항도청과','항도청과','엄궁동','2025-07-02 15:28:12.785877','2025-07-02 15:28:12.785877');
INSERT INTO markets VALUES(3,'부산청과','부산청과','엄궁동','2025-07-02 15:28:12.791607','2025-07-02 15:28:12.791607');
INSERT INTO markets VALUES(4,'반여농협공판장','반여농협공판장','반여동','2025-07-02 15:28:12.797195','2025-07-02 15:28:12.797195');
INSERT INTO markets VALUES(5,'중앙청과','중앙청과','반여동','2025-07-02 15:28:12.802705','2025-07-02 15:28:12.802705');
INSERT INTO markets VALUES(6,'동부청과','동부청과','반여동','2025-07-02 15:28:12.808282','2025-07-02 15:28:12.808282');
CREATE TABLE IF NOT EXISTS "collections" ("id" integer PRIMARY KEY AUTOINCREMENT NOT NULL, "farm_name" varchar, "quantity" integer, "market_id" integer NOT NULL, "receiver" varchar, "scheduled_at" datetime(6), "status" integer DEFAULT 1 NOT NULL, "created_at" datetime(6) NOT NULL, "updated_at" datetime(6) NOT NULL, "weight" varchar DEFAULT '10kg' /*application='AppleLogistics'*/, "product_name" varchar DEFAULT '사과' /*application='AppleLogistics'*/, CONSTRAINT "fk_rails_26a72f5e0e"
FOREIGN KEY ("market_id")
  REFERENCES "markets" ("id")
);
INSERT INTO collections VALUES(1,'홍길동',32,2,'A','2025-07-02 15:30:00',2,'2025-07-02 15:31:08.805285','2025-07-02 17:10:48.293402','10kg','사과');
INSERT INTO collections VALUES(3,'테스트농장1',51,2,NULL,'2025-07-02 00:00:00',2,'2025-07-02 16:31:43.962985','2025-07-02 17:09:47.768956','10kg','사과');
INSERT INTO collections VALUES(4,'테스트농장2',30,1,NULL,'2025-07-02 00:00:00',2,'2025-07-02 16:31:55.113543','2025-07-02 16:59:22.167247','10kg','사과');
INSERT INTO collections VALUES(5,'홍동식',39,5,NULL,'2025-07-02 17:10:00',1,'2025-07-02 17:10:29.461827','2025-07-02 17:10:29.461827','10kg','사과');
INSERT INTO collections VALUES(7,'홍길동',33,1,NULL,'2025-07-03 00:00:00',2,'2025-07-03 15:59:09.295280','2025-07-03 17:24:29.077135','10kg','사과');
INSERT INTO collections VALUES(8,'박동석',100,6,NULL,'2025-07-03 16:19:00',1,'2025-07-03 16:20:10.373477','2025-07-03 17:39:35.928235','10kg','사과');
INSERT INTO collections VALUES(9,'손손손',22,3,NULL,'2025-07-04 00:00:00',2,'2025-07-03 17:28:00.278086','2025-07-03 17:39:08.386252','10kg','사과');
INSERT INTO collections VALUES(11,'박일이',60,2,NULL,'2025-07-03 15:00:00',2,'2025-07-03 17:37:14.542675','2025-07-04 02:19:28.899690','10kg','사과');
INSERT INTO collections VALUES(13,'김이슬',70,3,NULL,'2025-07-03 15:00:00',2,'2025-07-03 17:37:34.150830','2025-07-03 17:39:02.218824','10kg','사과');
INSERT INTO collections VALUES(14,'최반농',54,4,NULL,'2025-07-03 15:00:00',2,'2025-07-03 17:37:53.919041','2025-07-03 17:44:37.518910','10kg','사과');
INSERT INTO collections VALUES(15,'강민준',44,3,NULL,'2025-07-03 15:00:00',2,'2025-07-04 02:11:01.265271','2025-07-04 02:13:36.923950','10kg','사과');
INSERT INTO collections VALUES(16,'손만식',100,5,NULL,'2025-07-03 15:00:00',1,'2025-07-04 02:13:25.713581','2025-07-04 02:13:25.713581','10kg','사과');
INSERT INTO collections VALUES(17,'홍길동',10,2,NULL,'2025-07-08 15:00:00',2,'2025-07-08 17:04:33.642807','2025-07-08 17:41:33.253566','10kg','사과');
INSERT INTO collections VALUES(18,'테스트농장1',11,1,NULL,'2025-06-30 15:00:00',1,'2025-07-08 17:25:09.770058','2025-07-08 17:25:09.770058','10kg','사과');
INSERT INTO collections VALUES(19,'박동석',10,1,NULL,'2025-07-06 15:00:00',1,'2025-07-08 17:27:29.059164','2025-07-08 17:27:29.059164','10kg','사과');
INSERT INTO collections VALUES(20,'손일일',33,1,NULL,'2025-07-08 15:00:00',2,'2025-07-08 17:40:12.373009','2025-07-08 17:41:34.776325','10kg','사과');
INSERT INTO collections VALUES(21,'송이',10,3,NULL,'2025-07-08 15:00:00',2,'2025-07-08 17:40:25.504548','2025-07-08 17:42:37.571047','10kg','사과');
INSERT INTO collections VALUES(22,'항아이',50,4,NULL,'2025-07-08 15:00:00',2,'2025-07-08 17:40:46.348413','2025-07-08 17:42:38.511171','10kg','사과');
INSERT INTO collections VALUES(23,'항동이',60,5,NULL,'2025-07-08 15:00:00',2,'2025-07-08 17:40:55.398586','2025-07-08 17:42:43.355827','10kg','사과');
INSERT INTO collections VALUES(24,'개구리',60,6,NULL,'2025-07-08 15:00:00',2,'2025-07-08 17:41:09.289577','2025-07-08 17:42:44.611838','10kg','사과');
INSERT INTO collections VALUES(25,'홍이석',22,3,NULL,'2025-07-11 15:00:00',2,'2025-07-11 16:24:45.576482','2025-07-11 17:22:47.767972','5kg','사과');
INSERT INTO collections VALUES(26,'김이랑',330,4,NULL,'2025-07-11 15:00:00',2,'2025-07-11 17:23:04.305450','2025-07-11 17:23:11.418503','10kg','사과');
INSERT INTO collections VALUES(27,'박개똥',20,2,NULL,'2025-07-14 15:00:00',2,'2025-07-14 16:53:05.841598','2025-07-14 17:06:29.165686','10kg','사과');
INSERT INTO collections VALUES(28,'김힘하',50,3,NULL,'2025-07-14 15:00:00',2,'2025-07-15 14:57:43.269860','2025-07-15 14:57:47.652602','10kg','사과');
INSERT INTO collections VALUES(29,'안녕히',30,4,NULL,'2025-07-16 15:00:00',2,'2025-07-16 15:49:37.739096','2025-07-16 16:07:28.123995','10kg','사과');
INSERT INTO collections VALUES(31,'김상사',50,2,NULL,'2025-07-16 15:00:00',2,'2025-07-16 16:06:55.212921','2025-07-16 16:07:25.555210','5kg','사과');
INSERT INTO collections VALUES(32,'함영지',70,2,NULL,'2025-07-16 15:00:00',2,'2025-07-16 16:07:17.042034','2025-07-16 16:07:27.240383','10kg','사과');
INSERT INTO collections VALUES(33,'정채화(유강미)',22,2,NULL,'2025-07-16 15:00:00',2,'2025-07-16 17:16:23.581663','2025-07-16 17:20:46.810516','10kg','사과');
INSERT INTO collections VALUES(34,'손일일',200,3,NULL,'2025-07-16 15:00:00',2,'2025-07-16 17:16:44.738101','2025-07-16 17:35:01.139658','5kg','사과');
INSERT INTO collections VALUES(35,'김이이',15,4,NULL,'2025-07-16 15:00:00',2,'2025-07-16 17:17:32.362783','2025-07-16 17:35:02.655570','10kg','사과');
INSERT INTO collections VALUES(36,'최삼삼',22,5,NULL,'2025-07-16 15:00:00',2,'2025-07-16 17:17:44.698080','2025-07-16 17:35:04.056077','10kg','사과');
INSERT INTO collections VALUES(37,'공이사',40,6,NULL,'2025-07-16 15:00:00',2,'2025-07-16 17:18:00.560651','2025-07-16 17:35:05.686105','10kg','사과');
INSERT INTO collections VALUES(38,'박개오',50,1,NULL,'2025-07-16 15:00:00',2,'2025-07-16 17:18:12.761642','2025-07-16 17:35:07.028336','10kg','사과');
INSERT INTO collections VALUES(39,'홍길동',12,1,NULL,'2025-07-16 15:00:00',2,'2025-07-16 17:36:36.678125','2025-07-16 17:37:13.275795','10kg','사과');
INSERT INTO collections VALUES(40,'손공일',14,1,NULL,'2025-07-16 15:00:00',2,'2025-07-16 17:36:44.906604','2025-07-16 17:37:14.002570','10kg','사과');
INSERT INTO collections VALUES(41,'박동석',44,1,NULL,'2025-07-16 15:00:00',2,'2025-07-16 17:36:57.618374','2025-07-16 17:37:14.971273','10kg','사과');
INSERT INTO collections VALUES(42,'박일일',51,1,NULL,'2025-07-16 15:00:00',2,'2025-07-16 17:37:08.897400','2025-07-16 17:37:15.984158','10kg','사과');
INSERT INTO collections VALUES(43,'박동석',123,1,NULL,'2025-07-16 15:00:00',2,'2025-07-16 17:38:07.459614','2025-07-16 17:38:29.308907','10kg','사과');
INSERT INTO collections VALUES(44,'홍길동',32,1,NULL,'2025-07-16 15:00:00',2,'2025-07-16 17:38:15.671703','2025-07-16 17:38:30.261296','10kg','사과');
INSERT INTO collections VALUES(46,'홍길동',10,4,NULL,'2025-07-17 15:00:00',1,'2025-07-18 06:06:32.013257','2025-07-18 06:44:31.056180','10kg','사과');
INSERT INTO collections VALUES(47,'박개똥',35,3,NULL,'2025-07-17 15:00:00',1,'2025-07-18 06:07:02.968935','2025-07-18 06:43:00.582878','5kg','사과');
INSERT INTO collections VALUES(48,'손만식',40,3,NULL,'2025-07-17 15:00:00',1,'2025-07-18 06:09:09.148046','2025-07-18 06:44:15.016423','10kg','사과');
INSERT INTO collections VALUES(49,'김철수',61,6,NULL,'2025-07-17 15:00:00',1,'2025-07-18 06:18:37.721521','2025-07-18 06:46:03.630829','10kg','사과');
INSERT INTO collections VALUES(50,'김철수',41,1,NULL,'2025-07-17 15:00:00',2,'2025-07-18 06:25:27.738621','2025-07-18 06:39:13.985742','10kg','사과');
INSERT INTO collections VALUES(51,'김민식',82,4,NULL,'2025-07-17 15:00:00',1,'2025-07-18 06:28:30.698318','2025-07-18 06:48:33.630684','10kg','사과');
INSERT INTO collections VALUES(52,'비마무리개똥',72,5,NULL,'2025-07-17 15:00:00',2,'2025-07-18 06:38:49.120827','2025-07-18 06:38:53.885879','10kg','사과');
INSERT INTO collections VALUES(53,'조원정',31,1,NULL,'2025-07-17 15:00:00',1,'2025-07-18 07:42:24.303383','2025-07-18 07:42:24.303383','10kg','사과');
INSERT INTO collections VALUES(54,'김철수',5,1,NULL,'2025-07-21 15:00:00',2,'2025-07-21 15:16:56.736044','2025-07-21 15:18:22.052772','5kg','깻잎');
INSERT INTO collections VALUES(55,'박동석',70,1,NULL,'2025-07-21 15:00:00',2,'2025-07-21 15:17:39.931950','2025-07-21 15:18:20.196302','5kg','깻잎');
INSERT INTO collections VALUES(56,'손공일',9,1,NULL,'2025-07-21 15:00:00',2,'2025-07-21 15:18:03.814506','2025-07-21 15:18:17.280019','4.5kg','깻잎 바라');
INSERT INTO collections VALUES(57,'박일일',90,1,NULL,'2025-07-21 15:00:00',2,'2025-07-21 15:18:54.368823','2025-07-21 15:18:58.918283','5kg','사과');
INSERT INTO collections VALUES(58,'김광일',50,1,NULL,'2025-07-21 15:00:00',2,'2025-07-21 15:35:52.016905','2025-07-21 15:35:54.936350','5kg','사과');
INSERT INTO collections VALUES(59,'박아성',40,1,NULL,'2025-07-21 15:00:00',2,'2025-07-21 15:38:47.704023','2025-07-21 15:38:51.788773','10kg','사과');
INSERT INTO collections VALUES(60,'김개똥',38,2,NULL,'2025-07-21 15:00:00',2,'2025-07-21 16:09:39.452984','2025-07-21 16:09:42.978184','10kg','사과');
INSERT INTO collections VALUES(63,'손공오',13,1,NULL,'2025-07-22 15:00:00',2,'2025-07-22 16:16:43.680867','2025-07-22 16:55:37.897198','','깻잎');
INSERT INTO collections VALUES(65,'김일삼',21,1,NULL,'2025-07-22 15:00:00',2,'2025-07-22 16:18:00.906490','2025-07-22 17:08:14.749877','5kg','반시');
INSERT INTO collections VALUES(66,'최삼삼',30,1,NULL,'2025-07-22 15:00:00',2,'2025-07-22 16:18:19.991738','2025-07-22 17:10:10.799726','5kg','반시');
INSERT INTO collections VALUES(67,'최이삼',25,1,NULL,'2025-07-22 15:00:00',2,'2025-07-22 16:18:36.029153','2025-07-22 17:10:19.650138','10kg','대봉');
INSERT INTO collections VALUES(68,'윤창현',22,1,NULL,'2025-07-22 15:00:00',2,'2025-07-22 16:18:54.628956','2025-07-22 16:19:49.285760','10kg','대봉');
INSERT INTO collections VALUES(69,'박이석',50,1,NULL,'2025-07-22 15:00:00',2,'2025-07-22 16:19:09.009009','2025-07-22 16:19:51.648265','10kg','단감');
INSERT INTO collections VALUES(70,'김단감',23,1,NULL,'2025-07-22 15:00:00',2,'2025-07-22 16:19:22.469587','2025-07-22 17:10:30.835122','10kg','단감');
INSERT INTO collections VALUES(71,'박일일',3,1,NULL,'2025-07-22 15:00:00',2,'2025-07-22 17:03:34.249730','2025-07-22 17:03:57.330784','4.5kg','깻잎 바라');
INSERT INTO collections VALUES(72,'테스트농장',30,3,NULL,'2025-07-22 15:00:00',2,'2025-07-22 17:08:43.061931','2025-07-22 17:10:44.887937','10kg','사과');
COMMIT;
